insert into meme (id) values ('3eab2a8.jpg');
insert into meme_tag (id, uuid, tag) values ('3eab2a8.jpg', UUID(), 'computers');
insert into meme_tag (id, uuid, tag) values ('3eab2a8.jpg', UUID(), 'backend');
insert into meme_tag (id, uuid, tag) values ('3eab2a8.jpg', UUID(), 'frontend');
insert into meme_tag (id, uuid, tag) values ('3eab2a8.jpg', UUID(), 'javascript');
insert into meme_tag (id, uuid, tag) values ('3eab2a8.jpg', UUID(), 'bootstrap');
insert into meme_path (id, path) values ('3eab2a8.jpg', '/images/memes/3eab2a8.jpg');
insert into meme (id) values ('4b7302d.jpg');
insert into meme_tag (id, uuid, tag) values ('4b7302d.jpg', UUID(), 'computers');
insert into meme_tag (id, uuid, tag) values ('4b7302d.jpg', UUID(), 'british');
insert into meme_tag (id, uuid, tag) values ('4b7302d.jpg', UUID(), 'color');
insert into meme_tag (id, uuid, tag) values ('4b7302d.jpg', UUID(), 'css');
insert into meme_path (id, path) values ('4b7302d.jpg', '/images/memes/4b7302d.jpg');
insert into meme (id) values ('7f53760.png');
insert into meme_tag (id, uuid, tag) values ('7f53760.png', UUID(), 'computers');
insert into meme_tag (id, uuid, tag) values ('7f53760.png', UUID(), 'lawful good');
insert into meme_tag (id, uuid, tag) values ('7f53760.png', UUID(), 'loops');
insert into meme_tag (id, uuid, tag) values ('7f53760.png', UUID(), 'alignment');
insert into meme_path (id, path) values ('7f53760.png', '/images/memes/7f53760.png');
insert into meme (id) values ('8a95c78.jpg');
insert into meme_tag (id, uuid, tag) values ('8a95c78.jpg', UUID(), 'computers');
insert into meme_tag (id, uuid, tag) values ('8a95c78.jpg', UUID(), 'sexy');
insert into meme_tag (id, uuid, tag) values ('8a95c78.jpg', UUID(), 'laptop');
insert into meme_path (id, path) values ('8a95c78.jpg', '/images/memes/8a95c78.jpg');
insert into meme (id) values ('11d88b0.jpg');
insert into meme_tag (id, uuid, tag) values ('11d88b0.jpg', UUID(), 'computers');
insert into meme_tag (id, uuid, tag) values ('11d88b0.jpg', UUID(), 'blue screen');
insert into meme_tag (id, uuid, tag) values ('11d88b0.jpg', UUID(), 'hacking');
insert into meme_tag (id, uuid, tag) values ('11d88b0.jpg', UUID(), 'overclock');
insert into meme_path (id, path) values ('11d88b0.jpg', '/images/memes/11d88b0.jpg');
insert into meme (id) values ('29edc66.jpg');
insert into meme_tag (id, uuid, tag) values ('29edc66.jpg', UUID(), 'computers');
insert into meme_tag (id, uuid, tag) values ('29edc66.jpg', UUID(), 'windows');
insert into meme_tag (id, uuid, tag) values ('29edc66.jpg', UUID(), 'linux');
insert into meme_path (id, path) values ('29edc66.jpg', '/images/memes/29edc66.jpg');
insert into meme (id) values ('94c5588.png');
insert into meme_tag (id, uuid, tag) values ('94c5588.png', UUID(), 'computers');
insert into meme_tag (id, uuid, tag) values ('94c5588.png', UUID(), 'programming');
insert into meme_tag (id, uuid, tag) values ('94c5588.png', UUID(), 'star wars');
insert into meme_tag (id, uuid, tag) values ('94c5588.png', UUID(), 'manolorian');
insert into meme_path (id, path) values ('94c5588.png', '/images/memes/94c5588.png');
insert into meme (id) values ('420e1d3.jpg');
insert into meme_tag (id, uuid, tag) values ('420e1d3.jpg', UUID(), 'computers');
insert into meme_tag (id, uuid, tag) values ('420e1d3.jpg', UUID(), 'programming');
insert into meme_tag (id, uuid, tag) values ('420e1d3.jpg', UUID(), 'loops');
insert into meme_tag (id, uuid, tag) values ('420e1d3.jpg', UUID(), 'its the law');
insert into meme_path (id, path) values ('420e1d3.jpg', '/images/memes/420e1d3.jpg');
insert into meme (id) values ('564ab4e.png');
insert into meme_tag (id, uuid, tag) values ('564ab4e.png', UUID(), 'computers');
insert into meme_tag (id, uuid, tag) values ('564ab4e.png', UUID(), 'http status codes');
insert into meme_path (id, path) values ('564ab4e.png', '/images/memes/564ab4e.png');
insert into meme (id) values ('828bc4d.png');
insert into meme_tag (id, uuid, tag) values ('828bc4d.png', UUID(), 'computers');
insert into meme_tag (id, uuid, tag) values ('828bc4d.png', UUID(), 'atlas');
insert into meme_tag (id, uuid, tag) values ('828bc4d.png', UUID(), 'stackoverflow');
insert into meme_path (id, path) values ('828bc4d.png', '/images/memes/828bc4d.png');
insert into meme (id) values ('2344ab8.jpg');
insert into meme_tag (id, uuid, tag) values ('2344ab8.jpg', UUID(), 'computers');
insert into meme_tag (id, uuid, tag) values ('2344ab8.jpg', UUID(), 'cs major');
insert into meme_path (id, path) values ('2344ab8.jpg', '/images/memes/2344ab8.jpg');
insert into meme (id) values ('6589a11.jpg');
insert into meme_tag (id, uuid, tag) values ('6589a11.jpg', UUID(), 'computers');
insert into meme_tag (id, uuid, tag) values ('6589a11.jpg', UUID(), 'covid');
insert into meme_tag (id, uuid, tag) values ('6589a11.jpg', UUID(), 'tcp');
insert into meme_tag (id, uuid, tag) values ('6589a11.jpg', UUID(), 'udp');
insert into meme_path (id, path) values ('6589a11.jpg', '/images/memes/6589a11.jpg');
insert into meme (id) values ('8279ae5.png');
insert into meme_tag (id, uuid, tag) values ('8279ae5.png', UUID(), 'computers');
insert into meme_tag (id, uuid, tag) values ('8279ae5.png', UUID(), 'online forms');
insert into meme_tag (id, uuid, tag) values ('8279ae5.png', UUID(), 'add');
insert into meme_tag (id, uuid, tag) values ('8279ae5.png', UUID(), 'bug');
insert into meme_path (id, path) values ('8279ae5.png', '/images/memes/8279ae5.png');
insert into meme (id) values ('49458b9.jpg');
insert into meme_tag (id, uuid, tag) values ('49458b9.jpg', UUID(), 'computers');
insert into meme_tag (id, uuid, tag) values ('49458b9.jpg', UUID(), 'programming');
insert into meme_tag (id, uuid, tag) values ('49458b9.jpg', UUID(), 'sort');
insert into meme_tag (id, uuid, tag) values ('49458b9.jpg', UUID(), 'stalin');
insert into meme_path (id, path) values ('49458b9.jpg', '/images/memes/49458b9.jpg');
insert into meme (id) values ('81333b4.png');
insert into meme_tag (id, uuid, tag) values ('81333b4.png', UUID(), 'computers');
insert into meme_tag (id, uuid, tag) values ('81333b4.png', UUID(), 'animal');
insert into meme_tag (id, uuid, tag) values ('81333b4.png', UUID(), 'cat');
insert into meme_tag (id, uuid, tag) values ('81333b4.png', UUID(), 'developer');
insert into meme_tag (id, uuid, tag) values ('81333b4.png', UUID(), 'users');
insert into meme_path (id, path) values ('81333b4.png', '/images/memes/81333b4.png');
insert into meme (id) values ('a5d2150.png');
insert into meme_tag (id, uuid, tag) values ('a5d2150.png', UUID(), 'computers');
insert into meme_tag (id, uuid, tag) values ('a5d2150.png', UUID(), 'epoch');
insert into meme_tag (id, uuid, tag) values ('a5d2150.png', UUID(), 'perfection');
insert into meme_path (id, path) values ('a5d2150.png', '/images/memes/a5d2150.png');
insert into meme (id) values ('c940676.jpg');
insert into meme_tag (id, uuid, tag) values ('c940676.jpg', UUID(), 'computers');
insert into meme_tag (id, uuid, tag) values ('c940676.jpg', UUID(), 'star wars');
insert into meme_tag (id, uuid, tag) values ('c940676.jpg', UUID(), 'programming');
insert into meme_tag (id, uuid, tag) values ('c940676.jpg', UUID(), 'math');
insert into meme_tag (id, uuid, tag) values ('c940676.jpg', UUID(), 'visible confusion');
insert into meme_path (id, path) values ('c940676.jpg', '/images/memes/c940676.jpg');
insert into meme (id) values ('cd22f9e.jpg');
insert into meme_tag (id, uuid, tag) values ('cd22f9e.jpg', UUID(), 'computers');
insert into meme_tag (id, uuid, tag) values ('cd22f9e.jpg', UUID(), 'frontend');
insert into meme_tag (id, uuid, tag) values ('cd22f9e.jpg', UUID(), 'cap');
insert into meme_tag (id, uuid, tag) values ('cd22f9e.jpg', UUID(), 'marvel');
insert into meme_tag (id, uuid, tag) values ('cd22f9e.jpg', UUID(), 'join tables');
insert into meme_path (id, path) values ('cd22f9e.jpg', '/images/memes/cd22f9e.jpg');
insert into meme (id) values ('ce1c4af.jpg');
insert into meme_tag (id, uuid, tag) values ('ce1c4af.jpg', UUID(), 'computers');
insert into meme_tag (id, uuid, tag) values ('ce1c4af.jpg', UUID(), 'feelings of power');
insert into meme_tag (id, uuid, tag) values ('ce1c4af.jpg', UUID(), 'lambdas');
insert into meme_tag (id, uuid, tag) values ('ce1c4af.jpg', UUID(), 'one liners');
insert into meme_path (id, path) values ('ce1c4af.jpg', '/images/memes/ce1c4af.jpg');
insert into meme (id) values ('ce71b36.jpg');
insert into meme_tag (id, uuid, tag) values ('ce71b36.jpg', UUID(), 'computers');
insert into meme_tag (id, uuid, tag) values ('ce71b36.jpg', UUID(), 'programming');
insert into meme_tag (id, uuid, tag) values ('ce71b36.jpg', UUID(), 'star wars');
insert into meme_tag (id, uuid, tag) values ('ce71b36.jpg', UUID(), 'ahsoka');
insert into meme_tag (id, uuid, tag) values ('ce71b36.jpg', UUID(), 'hello there');
insert into meme_path (id, path) values ('ce71b36.jpg', '/images/memes/ce71b36.jpg');
insert into meme (id) values ('d7e541b.jpg');
insert into meme_tag (id, uuid, tag) values ('d7e541b.jpg', UUID(), 'computers');
insert into meme_tag (id, uuid, tag) values ('d7e541b.jpg', UUID(), 'frontend');
insert into meme_tag (id, uuid, tag) values ('d7e541b.jpg', UUID(), 'backend');
insert into meme_tag (id, uuid, tag) values ('d7e541b.jpg', UUID(), 'thomas the engine');
insert into meme_path (id, path) values ('d7e541b.jpg', '/images/memes/d7e541b.jpg');
insert into meme (id) values ('exploits_of_a_mom.png');
insert into meme_tag (id, uuid, tag) values ('exploits_of_a_mom.png', UUID(), 'computers');
insert into meme_tag (id, uuid, tag) values ('exploits_of_a_mom.png', UUID(), 'xkcd');
insert into meme_tag (id, uuid, tag) values ('exploits_of_a_mom.png', UUID(), 'bobby tables');
insert into meme_tag (id, uuid, tag) values ('exploits_of_a_mom.png', UUID(), 'database');
insert into meme_path (id, path) values ('exploits_of_a_mom.png', '/images/memes/exploits_of_a_mom.png');
insert into meme (id) values ('f25b74a.jpg');
insert into meme_tag (id, uuid, tag) values ('f25b74a.jpg', UUID(), 'computers');
insert into meme_tag (id, uuid, tag) values ('f25b74a.jpg', UUID(), 'video games');
insert into meme_tag (id, uuid, tag) values ('f25b74a.jpg', UUID(), 'weather');
insert into meme_path (id, path) values ('f25b74a.jpg', '/images/memes/f25b74a.jpg');
insert into meme (id) values ('f43662f.png');
insert into meme_tag (id, uuid, tag) values ('f43662f.png', UUID(), 'computers');
insert into meme_tag (id, uuid, tag) values ('f43662f.png', UUID(), 'programming');
insert into meme_tag (id, uuid, tag) values ('f43662f.png', UUID(), 'hello world');
insert into meme_tag (id, uuid, tag) values ('f43662f.png', UUID(), 'apps');
insert into meme_tag (id, uuid, tag) values ('f43662f.png', UUID(), 'side projects');
insert into meme_path (id, path) values ('f43662f.png', '/images/memes/f43662f.png');
insert into meme (id) values ('ol3jikdym2251.jpg');
insert into meme_tag (id, uuid, tag) values ('ol3jikdym2251.jpg', UUID(), 'computers');
insert into meme_tag (id, uuid, tag) values ('ol3jikdym2251.jpg', UUID(), 'distracted boyfriend');
insert into meme_tag (id, uuid, tag) values ('ol3jikdym2251.jpg', UUID(), 'side projects');
insert into meme_tag (id, uuid, tag) values ('ol3jikdym2251.jpg', UUID(), 'programming');
insert into meme_path (id, path) values ('ol3jikdym2251.jpg', '/images/memes/ol3jikdym2251.jpg');
insert into meme (id) values ('z2g1uoisqyw41.jpg');
insert into meme_tag (id, uuid, tag) values ('z2g1uoisqyw41.jpg', UUID(), 'computers');
insert into meme_tag (id, uuid, tag) values ('z2g1uoisqyw41.jpg', UUID(), 'video games');
insert into meme_tag (id, uuid, tag) values ('z2g1uoisqyw41.jpg', UUID(), 'boyfriend');
insert into meme_tag (id, uuid, tag) values ('z2g1uoisqyw41.jpg', UUID(), 'animal crossing');
insert into meme_path (id, path) values ('z2g1uoisqyw41.jpg', '/images/memes/z2g1uoisqyw41.jpg');
insert into meme (id) values ('1499022713_goku.gif');
insert into meme_tag (id, uuid, tag) values ('1499022713_goku.gif', UUID(), 'dragon ball z');
insert into meme_tag (id, uuid, tag) values ('1499022713_goku.gif', UUID(), 'goku');
insert into meme_tag (id, uuid, tag) values ('1499022713_goku.gif', UUID(), 'blasting');
insert into meme_path (id, path) values ('1499022713_goku.gif', '/images/memes/1499022713_goku.gif');
