insert into meme (id) values ('e606ed6.jpg');
insert into meme_tag (id, uuid, tag) values ('e606ed6.jpg', '99', 'cat');
insert into meme_tag (id, uuid, tag) values ('e606ed6.jpg', '100', 'pet');
insert into meme_tag (id, uuid, tag) values ('e606ed6.jpg', '101', 'murder');
insert into meme_path (id, path) values ('e606ed6.jpg', '/images/memes/e606ed6.jpg');
insert into meme (id) values ('yarp.gif');
insert into meme_tag (id, uuid, tag) values ('yarp.gif', '102', 'yarp');
insert into meme_path (id, path) values ('yarp.gif', '/images/memes/yarp.gif');
insert into meme (id) values ('XkQA1Vamf4.gif');
insert into meme_tag (id, uuid, tag) values ('XkQA1Vamf4.gif', '103', 'also yes');
insert into meme_tag (id, uuid, tag) values ('XkQA1Vamf4.gif', '104', 'archer');
insert into meme_path (id, path) values ('XkQA1Vamf4.gif', '/images/memes/XkQA1Vamf4.gif');
insert into meme (id) values ('WC2NWN5a3M.jpg');
insert into meme_tag (id, uuid, tag) values ('WC2NWN5a3M.jpg', '105', 'south park');
insert into meme_tag (id, uuid, tag) values ('WC2NWN5a3M.jpg', '106', 'cartman');
insert into meme_tag (id, uuid, tag) values ('WC2NWN5a3M.jpg', '107', 'whatever');
insert into meme_tag (id, uuid, tag) values ('WC2NWN5a3M.jpg', '108', 'i do what i want');
insert into meme_path (id, path) values ('WC2NWN5a3M.jpg', '/images/memes/WC2NWN5a3M.jpg');
insert into meme (id) values ('swim-it.gif');
insert into meme_tag (id, uuid, tag) values ('swim-it.gif', '109', 'family guy');
insert into meme_tag (id, uuid, tag) values ('swim-it.gif', '110', 'swim it');
insert into meme_path (id, path) values ('swim-it.gif', '/images/memes/swim-it.gif');
insert into meme (id) values ('MV5BOTQ2.jpg');
insert into meme_tag (id, uuid, tag) values ('MV5BOTQ2.jpg', '111', 'jizz');
insert into meme_tag (id, uuid, tag) values ('MV5BOTQ2.jpg', '112', 'in my pants');
insert into meme_path (id, path) values ('MV5BOTQ2.jpg', '/images/memes/MV5BOTQ2.jpg');
insert into meme (id) values ('randy.jpg');
insert into meme_tag (id, uuid, tag) values ('randy.jpg', '113', 'south park');
insert into meme_tag (id, uuid, tag) values ('randy.jpg', '114', 'randy');
insert into meme_tag (id, uuid, tag) values ('randy.jpg', '115', 'no my god');
insert into meme_path (id, path) values ('randy.jpg', '/images/memes/randy.jpg');
insert into meme (id) values ('war-were-declared.jpg');
insert into meme_tag (id, uuid, tag) values ('war-were-declared.jpg', '116', 'futurama');
insert into meme_tag (id, uuid, tag) values ('war-were-declared.jpg', '117', 'war were declared');
insert into meme_path (id, path) values ('war-were-declared.jpg', '/images/memes/war-were-declared.jpg');
