insert into meme (id) values ('b047033.gif');
insert into meme_tag (id, uuid, tag) values ('b047033.gif', '24', 'outriders');
insert into meme_tag (id, uuid, tag) values ('b047033.gif', '25', 'bait');
insert into meme_path (id, path) values ('b047033.gif', '/images/memes/b047033.gif');
insert into meme (id) values ('lego-suez.jpg');
insert into meme_tag (id, uuid, tag) values ('lego-suez.jpg', '26', 'lego');
insert into meme_tag (id, uuid, tag) values ('lego-suez.jpg', '27', 'suez');
insert into meme_path (id, path) values ('lego-suez.jpg', '/images/memes/lego-suez.jpg');
insert into meme (id) values ('south-park-lilnasx.png');
insert into meme_tag (id, uuid, tag) values ('south-park-lilnasx.png', '28', 'south park');
insert into meme_tag (id, uuid, tag) values ('south-park-lilnasx.png', '29', 'devil');
insert into meme_tag (id, uuid, tag) values ('south-park-lilnasx.png', '30', 'lil nas x');
insert into meme_path (id, path) values ('south-park-lilnasx.png', '/images/memes/south-park-lilnasx.png');
insert into meme (id) values ('6651fd8.jpg');
insert into meme_tag (id, uuid, tag) values ('6651fd8.jpg', '31', 'outriders');
insert into meme_tag (id, uuid, tag) values ('6651fd8.jpg', '32', 'technomancers');
insert into meme_tag (id, uuid, tag) values ('6651fd8.jpg', '33', 'shoot to heal');
insert into meme_tag (id, uuid, tag) values ('6651fd8.jpg', '34', 'its always sunny in philadelphia');
insert into meme_path (id, path) values ('6651fd8.jpg', '/images/memes/6651fd8.jpg');
insert into meme (id) values ('20210412_153350.jpg');
insert into meme_tag (id, uuid, tag) values ('20210412_153350.jpg', '35', 'hair clip');
insert into meme_tag (id, uuid, tag) values ('20210412_153350.jpg', '36', 'precious');
insert into meme_tag (id, uuid, tag) values ('20210412_153350.jpg', '37', 'lord of the rings');
insert into meme_tag (id, uuid, tag) values ('20210412_153350.jpg', '38', 'lotr');
insert into meme_tag (id, uuid, tag) values ('20210412_153350.jpg', '39', 'lips');
insert into meme_path (id, path) values ('20210412_153350.jpg', '/images/memes/20210412_153350.jpg');
insert into meme (id) values ('kbB8fIdhdh.jpg');
insert into meme_tag (id, uuid, tag) values ('kbB8fIdhdh.jpg', '40', 'mcu');
insert into meme_tag (id, uuid, tag) values ('kbB8fIdhdh.jpg', '41', 'thanos');
insert into meme_tag (id, uuid, tag) values ('kbB8fIdhdh.jpg', '42', 'captain america');
insert into meme_tag (id, uuid, tag) values ('kbB8fIdhdh.jpg', '43', 'uncaptain');
insert into meme_path (id, path) values ('kbB8fIdhdh.jpg', '/images/memes/kbB8fIdhdh.jpg');
insert into meme (id) values ('tcp.png');
insert into meme_tag (id, uuid, tag) values ('tcp.png', '44', 'tcp');
insert into meme_tag (id, uuid, tag) values ('tcp.png', '45', 'udp');
insert into meme_tag (id, uuid, tag) values ('tcp.png', '46', 'water');
insert into meme_tag (id, uuid, tag) values ('tcp.png', '47', 'programming');
insert into meme_tag (id, uuid, tag) values ('tcp.png', '53', 'networking');
insert into meme_path (id, path) values ('tcp.png', '/images/memes/tcp.png');
insert into meme (id) values ('FB_IMG_1617146702381.jpg');
insert into meme_tag (id, uuid, tag) values ('FB_IMG_1617146702381.jpg', '48', 'suez');
insert into meme_tag (id, uuid, tag) values ('FB_IMG_1617146702381.jpg', '49', 'shipped');
insert into meme_path (id, path) values ('FB_IMG_1617146702381.jpg', '/images/memes/FB_IMG_1617146702381.jpg');
insert into meme (id) values ('RDT_20210613_1450451629219079435672210.jpg');
insert into meme_tag (id, uuid, tag) values ('RDT_20210613_1450451629219079435672210.jpg', '50', 'karen');
insert into meme_tag (id, uuid, tag) values ('RDT_20210613_1450451629219079435672210.jpg', '51', 'dick');
insert into meme_tag (id, uuid, tag) values ('RDT_20210613_1450451629219079435672210.jpg', '52', 'slur');
insert into meme_path (id, path) values ('RDT_20210613_1450451629219079435672210.jpg', '/images/memes/RDT_20210613_1450451629219079435672210.jpg');
insert into meme (id) values ('2deda29.jpg');
insert into meme_tag (id, uuid, tag) values ('2deda29.jpg', '54', 'covid');
insert into meme_tag (id, uuid, tag) values ('2deda29.jpg', '55', 'mask');
insert into meme_tag (id, uuid, tag) values ('2deda29.jpg', '56', 'programming');
insert into meme_tag (id, uuid, tag) values ('2deda29.jpg', '57', 'computers');
insert into meme_tag (id, uuid, tag) values ('2deda29.jpg', '58', 'networking');
insert into meme_path (id, path) values ('2deda29.jpg', '/images/memes/2deda29.jpg');
insert into meme (id) values ('RM55vJm2PS.jpg');
insert into meme_tag (id, uuid, tag) values ('RM55vJm2PS.jpg', '59', 'star wars');
insert into meme_tag (id, uuid, tag) values ('RM55vJm2PS.jpg', '60', 'padme');
insert into meme_tag (id, uuid, tag) values ('RM55vJm2PS.jpg', '61', 'anakin');
insert into meme_tag (id, uuid, tag) values ('RM55vJm2PS.jpg', '62', 'ercot');
insert into meme_tag (id, uuid, tag) values ('RM55vJm2PS.jpg', '63', 'texas power grid');
insert into meme_tag (id, uuid, tag) values ('RM55vJm2PS.jpg', '64', 'cold');
insert into meme_tag (id, uuid, tag) values ('RM55vJm2PS.jpg', '65', 'heat');
insert into meme_path (id, path) values ('RM55vJm2PS.jpg', '/images/memes/RM55vJm2PS.jpg');
insert into meme (id) values ('spUMwuAyym.jpg');
insert into meme_tag (id, uuid, tag) values ('spUMwuAyym.jpg', '66', 'star wars');
insert into meme_tag (id, uuid, tag) values ('spUMwuAyym.jpg', '67', 'padme');
insert into meme_tag (id, uuid, tag) values ('spUMwuAyym.jpg', '68', 'anakin');
insert into meme_tag (id, uuid, tag) values ('spUMwuAyym.jpg', '69', 'computers');
insert into meme_tag (id, uuid, tag) values ('spUMwuAyym.jpg', '70', 'programming');
insert into meme_tag (id, uuid, tag) values ('spUMwuAyym.jpg', '71', 'recursive');
insert into meme_tag (id, uuid, tag) values ('spUMwuAyym.jpg', '72', 'recursion');
insert into meme_path (id, path) values ('spUMwuAyym.jpg', '/images/memes/spUMwuAyym.jpg');
insert into meme (id) values ('vHqkZwfUx5.jpg');
insert into meme_tag (id, uuid, tag) values ('vHqkZwfUx5.jpg', '73', 'fastly');
insert into meme_tag (id, uuid, tag) values ('vHqkZwfUx5.jpg', '74', 'stackoverflow');
insert into meme_tag (id, uuid, tag) values ('vHqkZwfUx5.jpg', '75', 'github');
insert into meme_tag (id, uuid, tag) values ('vHqkZwfUx5.jpg', '76', 'computers');
insert into meme_tag (id, uuid, tag) values ('vHqkZwfUx5.jpg', '77', 'programming');
insert into meme_path (id, path) values ('vHqkZwfUx5.jpg', '/images/memes/vHqkZwfUx5.jpg');
insert into meme (id) values ('j9eG69s6hk.jpg');
insert into meme_tag (id, uuid, tag) values ('j9eG69s6hk.jpg', '78', 'caps');
insert into meme_tag (id, uuid, tag) values ('j9eG69s6hk.jpg', '79', 'captain america');
insert into meme_tag (id, uuid, tag) values ('j9eG69s6hk.jpg', '80', 'mcu');
insert into meme_path (id, path) values ('j9eG69s6hk.jpg', '/images/memes/j9eG69s6hk.jpg');
insert into meme (id) values ('RWK7VFL9Bk.jpg');
insert into meme_tag (id, uuid, tag) values ('RWK7VFL9Bk.jpg', '81', 'broklyn 99');
insert into meme_tag (id, uuid, tag) values ('RWK7VFL9Bk.jpg', '83', 'boyle');
insert into meme_tag (id, uuid, tag) values ('RWK7VFL9Bk.jpg', '84', 'backstreet');
insert into meme_path (id, path) values ('RWK7VFL9Bk.jpg', '/images/memes/RWK7VFL9Bk.jpg');
insert into meme (id) values ('eG9iUFgpKH.jpg');
insert into meme_tag (id, uuid, tag) values ('RWK7VFL9Bk.jpg', '85', 'covid');
insert into meme_tag (id, uuid, tag) values ('RWK7VFL9Bk.jpg', '86', 'work from home');
insert into meme_tag (id, uuid, tag) values ('RWK7VFL9Bk.jpg', '87', 'powerpoint');
insert into meme_path (id, path) values ('eG9iUFgpKH.jpg', '/images/memes/eG9iUFgpKH.jpg');
insert into meme (id) values ('NMSGWWOGXA.jpg');
insert into meme_tag (id, uuid, tag) values ('NMSGWWOGXA.jpg', '88', 'sex');
insert into meme_tag (id, uuid, tag) values ('NMSGWWOGXA.jpg', '89', 'fat girl');
insert into meme_tag (id, uuid, tag) values ('NMSGWWOGXA.jpg', '90', 'get on top');
insert into meme_tag (id, uuid, tag) values ('NMSGWWOGXA.jpg', '91', 'snusnu');
insert into meme_path (id, path) values ('NMSGWWOGXA.jpg', '/images/memes/NMSGWWOGXA.jpg');
insert into meme (id) values ('CntJPjySWq.jpg');
insert into meme_tag (id, uuid, tag) values ('CntJPjySWq.jpg', '92', 'boss');
insert into meme_tag (id, uuid, tag) values ('CntJPjySWq.jpg', '93', 'time off');
insert into meme_tag (id, uuid, tag) values ('CntJPjySWq.jpg', '94', '420');
insert into meme_tag (id, uuid, tag) values ('CntJPjySWq.jpg', '95', 'weed');
insert into meme_path (id, path) values ('CntJPjySWq.jpg', '/images/memes/CntJPjySWq.jpg');
insert into meme (id) values ('ExxfnOBUUAMjZXn.jpeg');
insert into meme_tag (id, uuid, tag) values ('ExxfnOBUUAMjZXn.jpeg', '96', 'die mad');
insert into meme_tag (id, uuid, tag) values ('ExxfnOBUUAMjZXn.jpeg', '97', 'salty bitch');
insert into meme_tag (id, uuid, tag) values ('ExxfnOBUUAMjZXn.jpeg', '98', 'mortons');
insert into meme_path (id, path) values ('ExxfnOBUUAMjZXn.jpeg', '/images/memes/ExxfnOBUUAMjZXn.jpeg');
