insert into meme (id) values ('it-was-me.gif');
insert into meme_tag (id, uuid, tag) values ('it-was-me.gif', '4', 'popstar');
insert into meme_tag (id, uuid, tag) values ('it-was-me.gif', '5', 'it was me');
insert into meme_path (id, path) values ('it-was-me.gif', '/images/memes/it-was-me.gif.jpg');
insert into meme (id) values ('pam-burrito.gif');
insert into meme_tag (id, uuid, tag) values ('pam-burrito.gif', '6', 'pam');
insert into meme_tag (id, uuid, tag) values ('pam-burrito.gif', '7', 'archer');
insert into meme_tag (id, uuid, tag) values ('pam-burrito.gif', '8', 'burrito');
insert into meme_path (id, path) values ('pam-burrito.gif', '/images/memes/pam-burrito.gif');
insert into meme (id) values ('klaatu-verata.gif');
insert into meme_tag (id, uuid, tag) values ('klaatu-verata.gif', '9', 'army of darkness');
insert into meme_tag (id, uuid, tag) values ('klaatu-verata.gif', '10', 'klaatu verata');
insert into meme_path (id, path) values ('klaatu-verata.gif', '/images/memes/klaatu-verata.gif');
insert into meme (id) values ('you-played-yourself.jpg');
insert into meme_tag (id, uuid, tag) values ('you-played-yourself.jpg', '11', 'popstar');
insert into meme_tag (id, uuid, tag) values ('you-played-yourself.jpg', '12', 'witcher');
insert into meme_tag (id, uuid, tag) values ('you-played-yourself.jpg', '13', 'you played yoursef');
insert into meme_path (id, path) values ('you-played-yourself.jpg', '/images/memes/you-played-yourself.jpg');
insert into meme (id) values ('pushup.jpg');
insert into meme_tag (id, uuid, tag) values ('pushup.jpg', '14', 'pushup');
insert into meme_tag (id, uuid, tag) values ('pushup.jpg', '15', 'die');
insert into meme_path (id, path) values ('pushup.jpg', '/images/memes/pushup.jpg');
insert into meme (id) values ('wap.png');
insert into meme_tag (id, uuid, tag) values ('wap.png', '16', 'wap');
insert into meme_tag (id, uuid, tag) values ('wap.png', '17', 'music');
insert into meme_path (id, path) values ('wap.png', '/images/memes/wap.png');
insert into meme (id) values ('girl-ak.jpg');
insert into meme_tag (id, uuid, tag) values ('girl-ak.jpg', '18', 'girl');
insert into meme_tag (id, uuid, tag) values ('girl-ak.jpg', '19', 'gun');
insert into meme_tag (id, uuid, tag) values ('girl-ak.jpg', '20', 'ak');
insert into meme_tag (id, uuid, tag) values ('girl-ak.jpg', '21', 'ak-47');
insert into meme_tag (id, uuid, tag) values ('girl-ak.jpg', '22', 'bus');
insert into meme_tag (id, uuid, tag) values ('girl-ak.jpg', '23', 'ukraine');
insert into meme_path (id, path) values ('girl-ak.jpg', '/images/memes/girl-ak.jpg');
