insert into meme (id) values ('full-chub.gif');
insert into meme_tag (id, uuid, tag) values ('full-chub.gif', UUID(), 'the league');
insert into meme_tag (id, uuid, tag) values ('full-chub.gif', UUID(), 'full chub');
insert into meme_path (id, path) values ('full-chub.gif', '/images/memes/full-chub.gif');
insert into meme (id) values ('raallalaaahhall.gif');
insert into meme_tag (id, uuid, tag) values ('raallalaaahhall.gif', UUID(), 'futurama');
insert into meme_tag (id, uuid, tag) values ('raallalaaahhall.gif', UUID(), 'destructor');
insert into meme_path (id, path) values ('raallalaaahhall.gif', '/images/memes/raallalaaahhall.gif');
insert into meme (id) values ('DW2KhG4T3L.jpg');
insert into meme_tag (id, uuid, tag) values ('DW2KhG4T3L.jpg', UUID(), 'padme');
insert into meme_tag (id, uuid, tag) values ('DW2KhG4T3L.jpg', UUID(), 'anakin');
insert into meme_tag (id, uuid, tag) values ('DW2KhG4T3L.jpg', UUID(), 'star wars');
insert into meme_tag (id, uuid, tag) values ('DW2KhG4T3L.jpg', UUID(), 'clones');
insert into meme_path (id, path) values ('DW2KhG4T3L.jpg', '/images/memes/DW2KhG4T3L.jpg');
insert into meme (id) values ('khWi9DVmEi.jpg');
insert into meme_tag (id, uuid, tag) values ('khWi9DVmEi.jpg', UUID(), 'broklyn 99');
insert into meme_tag (id, uuid, tag) values ('khWi9DVmEi.jpg', UUID(), 'padme');
insert into meme_tag (id, uuid, tag) values ('khWi9DVmEi.jpg', UUID(), 'anakin');
insert into meme_tag (id, uuid, tag) values ('khWi9DVmEi.jpg', UUID(), 'star wars');
insert into meme_path (id, path) values ('khWi9DVmEi.jpg', '/images/memes/khWi9DVmEi.jpg');
insert into meme (id) values ('GmJMJA4zPP.jpg');
insert into meme_tag (id, uuid, tag) values ('GmJMJA4zPP.jpg', UUID(), 'food');
insert into meme_tag (id, uuid, tag) values ('GmJMJA4zPP.jpg', UUID(), 'break up');
insert into meme_tag (id, uuid, tag) values ('GmJMJA4zPP.jpg', UUID(), 'woman logic');
insert into meme_path (id, path) values ('GmJMJA4zPP.jpg', '/images/memes/GmJMJA4zPP.jpg');
insert into meme (id) values ('SbXwSbWlFy.gif');
insert into meme_tag (id, uuid, tag) values ('SbXwSbWlFy.gif', UUID(), 'cooking');
insert into meme_tag (id, uuid, tag) values ('SbXwSbWlFy.gif', UUID(), 'idiot sandwich');
insert into meme_path (id, path) values ('SbXwSbWlFy.gif', '/images/memes/SbXwSbWlFy.gif');
insert into meme (id) values ('ExA6eRbI94.jpg');
insert into meme_tag (id, uuid, tag) values ('ExA6eRbI94.jpg', UUID(), 'kinfe');
insert into meme_tag (id, uuid, tag) values ('ExA6eRbI94.jpg', UUID(), 'other knife');
insert into meme_tag (id, uuid, tag) values ('ExA6eRbI94.jpg', UUID(), 'before leaving home');
insert into meme_path (id, path) values ('ExA6eRbI94.jpg', '/images/memes/ExA6eRbI94.jpg');
insert into meme (id) values ('ZbrA4bVkhX.png');
insert into meme_tag (id, uuid, tag) values ('ZbrA4bVkhX.png', UUID(), 'fast and furious');
insert into meme_tag (id, uuid, tag) values ('ZbrA4bVkhX.png', UUID(), 'f9');
insert into meme_tag (id, uuid, tag) values ('ZbrA4bVkhX.png', UUID(), 'alabama');
insert into meme_tag (id, uuid, tag) values ('ZbrA4bVkhX.png', UUID(), 'family');
insert into meme_path (id, path) values ('ZbrA4bVkhX.png', '/images/memes/ZbrA4bVkhX.png');
insert into meme (id) values ('CrackingCreditCode.jpg');
insert into meme_tag (id, uuid, tag) values ('CrackingCreditCode.jpg', UUID(), 'cracking credit cards');
insert into meme_tag (id, uuid, tag) values ('CrackingCreditCode.jpg', UUID(), 'infographic');
insert into meme_path (id, path) values ('CrackingCreditCode.jpg', '/images/memes/CrackingCreditCode.jpg');
insert into meme (id) values ('MWs5zTFEYU.png');
insert into meme_tag (id, uuid, tag) values ('MWs5zTFEYU.png', UUID(), 'marijuana');
insert into meme_tag (id, uuid, tag) values ('MWs5zTFEYU.png', UUID(), 'weed');
insert into meme_tag (id, uuid, tag) values ('MWs5zTFEYU.png', UUID(), 'war on drugs');
insert into meme_tag (id, uuid, tag) values ('MWs5zTFEYU.png', UUID(), 'flint');
insert into meme_path (id, path) values ('MWs5zTFEYU.png', '/images/memes/MWs5zTFEYU.png');
insert into meme (id) values ('i-am-destructor.webm');
insert into meme_tag (id, uuid, tag) values ('i-am-destructor.webm', UUID(), 'destructor');
insert into meme_tag (id, uuid, tag) values ('i-am-destructor.webm', UUID(), 'futurama');
insert into meme_path (id, path) values ('i-am-destructor.webm', '/images/memes/i-am-destructor.webm');
insert into meme (id) values ('raallalaaahhall.webm');
insert into meme_tag (id, uuid, tag) values ('raallalaaahhall.webm', UUID(), 'destructor');
insert into meme_tag (id, uuid, tag) values ('raallalaaahhall.webm', UUID(), 'futurama');
insert into meme_path (id, path) values ('raallalaaahhall.webm', '/images/memes/raallalaaahhall.webm');
