insert into meme (id) values ('6b10966.jpg');
insert into meme_tag (id, uuid, tag) values ('6b10966.jpg', UUID(), 'dungeons and dragons');
insert into meme_tag (id, uuid, tag) values ('6b10966.jpg', UUID(), 'dice');
insert into meme_tag (id, uuid, tag) values ('6b10966.jpg', UUID(), 'freeway');
insert into meme_path (id, path) values ('6b10966.jpg', '/images/memes/6b10966.jpg');
insert into meme (id) values ('AXw9gV5Ocz.jpg');
insert into meme_tag (id, uuid, tag) values ('AXw9gV5Ocz.jpg', UUID(), 'dungeons and dragons');
insert into meme_tag (id, uuid, tag) values ('AXw9gV5Ocz.jpg', UUID(), 'necromancer');
insert into meme_tag (id, uuid, tag) values ('AXw9gV5Ocz.jpg', UUID(), 'become vilian');
insert into meme_path (id, path) values ('AXw9gV5Ocz.jpg', '/images/memes/AXw9gV5Ocz.jpg');
insert into meme (id) values ('c89f7b9.jpg');
insert into meme_tag (id, uuid, tag) values ('c89f7b9.jpg', UUID(), 'dungeons and dragons');
insert into meme_tag (id, uuid, tag) values ('c89f7b9.jpg', UUID(), 'gamer girl');
insert into meme_tag (id, uuid, tag) values ('c89f7b9.jpg', UUID(), 'steal girlfriend');
insert into meme_path (id, path) values ('c89f7b9.jpg', '/images/memes/c89f7b9.jpg');
insert into meme (id) values ('I79ZNfY0L9.jpg');
insert into meme_tag (id, uuid, tag) values ('I79ZNfY0L9.jpg', UUID(), 'dungeons and dragons');
insert into meme_tag (id, uuid, tag) values ('I79ZNfY0L9.jpg', UUID(), 'dm');
insert into meme_tag (id, uuid, tag) values ('I79ZNfY0L9.jpg', UUID(), 'no reason');
insert into meme_tag (id, uuid, tag) values ('I79ZNfY0L9.jpg', UUID(), 'rolling');
insert into meme_tag (id, uuid, tag) values ('I79ZNfY0L9.jpg', UUID(), 'dice');
insert into meme_tag (id, uuid, tag) values ('I79ZNfY0L9.jpg', UUID(), 'panic');
insert into meme_tag (id, uuid, tag) values ('I79ZNfY0L9.jpg', UUID(), 'critical role');
insert into meme_path (id, path) values ('I79ZNfY0L9.jpg', '/images/memes/I79ZNfY0L9.jpg');
insert into meme (id) values ('minis.jpg');
insert into meme_tag (id, uuid, tag) values ('minis.jpg', UUID(), 'dungeons and dragons');
insert into meme_tag (id, uuid, tag) values ('minis.jpg', UUID(), 'titanic');
insert into meme_tag (id, uuid, tag) values ('minis.jpg', UUID(), 'paint minis');
insert into meme_tag (id, uuid, tag) values ('minis.jpg', UUID(), 'derp');
insert into meme_path (id, path) values ('minis.jpg', '/images/memes/minis.jpg');
insert into meme (id) values ('qrVqbK3Tiq.jpg');
insert into meme_tag (id, uuid, tag) values ('qrVqbK3Tiq.jpg', UUID(), 'role play');
insert into meme_tag (id, uuid, tag) values ('qrVqbK3Tiq.jpg', UUID(), 'get into character');
insert into meme_tag (id, uuid, tag) values ('qrVqbK3Tiq.jpg', UUID(), 'docter insurance');
insert into meme_path (id, path) values ('qrVqbK3Tiq.jpg', '/images/memes/qrVqbK3Tiq.jpg');
insert into meme (id) values ('r3RMknkzK7.jpg');
insert into meme_tag (id, uuid, tag) values ('r3RMknkzK7.jpg', UUID(), 'dungeons and dragons');
insert into meme_tag (id, uuid, tag) values ('r3RMknkzK7.jpg', UUID(), 'dice');
insert into meme_tag (id, uuid, tag) values ('r3RMknkzK7.jpg', UUID(), 'roll');
insert into meme_tag (id, uuid, tag) values ('r3RMknkzK7.jpg', UUID(), 'natural 1');
insert into meme_tag (id, uuid, tag) values ('r3RMknkzK7.jpg', UUID(), 'dora the exporer');
insert into meme_tag (id, uuid, tag) values ('r3RMknkzK7.jpg', UUID(), 'ocean');
insert into meme_path (id, path) values ('r3RMknkzK7.jpg', '/images/memes/r3RMknkzK7.jpg');
insert into meme (id) values ('Urq42pCYqC.webp');
insert into meme_tag (id, uuid, tag) values ('Urq42pCYqC.webp', UUID(), 'dungeons and dragons');
insert into meme_tag (id, uuid, tag) values ('Urq42pCYqC.webp', UUID(), 'terrible idea');
insert into meme_tag (id, uuid, tag) values ('Urq42pCYqC.webp', UUID(), 'tarot dnd');
insert into meme_tag (id, uuid, tag) values ('Urq42pCYqC.webp', UUID(), 'cards against humanity');
insert into meme_path (id, path) values ('Urq42pCYqC.webp', '/images/memes/Urq42pCYqC.webp');
insert into meme (id) values ('2edb4f7.jpg');
insert into meme_tag (id, uuid, tag) values ('2edb4f7.jpg', UUID(), 'full metal alchemist');
insert into meme_tag (id, uuid, tag) values ('2edb4f7.jpg', UUID(), 'ps4');
insert into meme_path (id, path) values ('2edb4f7.jpg', '/images/memes/2edb4f7.jpg');
insert into meme (id) values ('1kPjh4lSHozrnJqdVlsTqwE-ucwFUc1r4Nur11YWwRs.jpg');
insert into meme_tag (id, uuid, tag) values ('1kPjh4lSHozrnJqdVlsTqwE-ucwFUc1r4Nur11YWwRs.jpg', UUID(), 'futurama');
insert into meme_tag (id, uuid, tag) values ('1kPjh4lSHozrnJqdVlsTqwE-ucwFUc1r4Nur11YWwRs.jpg', UUID(), 'changed the outcome by measuring it');
insert into meme_path (id, path) values ('1kPjh4lSHozrnJqdVlsTqwE-ucwFUc1r4Nur11YWwRs.jpg', '/images/memes/1kPjh4lSHozrnJqdVlsTqwE-ucwFUc1r4Nur11YWwRs.jpg');
insert into meme (id) values ('Futurama_85f2db_1020138.jpg');
insert into meme_tag (id, uuid, tag) values ('Futurama_85f2db_1020138.jpg', UUID(), 'futurama');
insert into meme_tag (id, uuid, tag) values ('Futurama_85f2db_1020138.jpg', UUID(), 'fu');
insert into meme_tag (id, uuid, tag) values ('Futurama_85f2db_1020138.jpg', UUID(), 'dog');
insert into meme_path (id, path) values ('Futurama_85f2db_1020138.jpg', '/images/memes/Futurama_85f2db_1020138.jpg');
insert into meme (id) values ('1f7e519.jpg');
insert into meme_tag (id, uuid, tag) values ('1f7e519.jpg', UUID(), 'quarantine');
insert into meme_tag (id, uuid, tag) values ('1f7e519.jpg', UUID(), 'covid');
insert into meme_tag (id, uuid, tag) values ('1f7e519.jpg', UUID(), 'video games');
insert into meme_path (id, path) values ('1f7e519.jpg', '/images/memes/1f7e519.jpg');
insert into meme (id) values ('9145a86.jpg');
insert into meme_tag (id, uuid, tag) values ('9145a86.jpg', UUID(), 'covid');
insert into meme_tag (id, uuid, tag) values ('9145a86.jpg', UUID(), 'liquor stores');
insert into meme_tag (id, uuid, tag) values ('9145a86.jpg', UUID(), 'essential businesses');
insert into meme_tag (id, uuid, tag) values ('9145a86.jpg', UUID(), 'ron swanson');
insert into meme_path (id, path) values ('9145a86.jpg', '/images/memes/9145a86.jpg');
insert into meme (id) values ('a034f87.png');
insert into meme_tag (id, uuid, tag) values ('a034f87.png', UUID(), 'covid');
insert into meme_tag (id, uuid, tag) values ('a034f87.png', UUID(), 'jira');
insert into meme_path (id, path) values ('a034f87.png', '/images/memes/a034f87.png');
insert into meme (id) values ('aeytpzm55wv41.png');
insert into meme_tag (id, uuid, tag) values ('aeytpzm55wv41.png', UUID(), 'covid');
insert into meme_tag (id, uuid, tag) values ('aeytpzm55wv41.png', UUID(), 'quarantine');
insert into meme_tag (id, uuid, tag) values ('aeytpzm55wv41.png', UUID(), 'women');
insert into meme_path (id, path) values ('aeytpzm55wv41.png', '/images/memes/aeytpzm55wv41.png');
insert into meme (id) values ('b9352d4.jpg');
insert into meme_tag (id, uuid, tag) values ('b9352d4.jpg', UUID(), 'covid');
insert into meme_tag (id, uuid, tag) values ('b9352d4.jpg', UUID(), 'quarantine');
insert into meme_tag (id, uuid, tag) values ('b9352d4.jpg', UUID(), 'turkey');
insert into meme_tag (id, uuid, tag) values ('b9352d4.jpg', UUID(), 'tanksgiving');
insert into meme_path (id, path) values ('b9352d4.jpg', '/images/memes/b9352d4.jpg');
insert into meme (id) values ('D0guTyj.jpg');
insert into meme_tag (id, uuid, tag) values ('D0guTyj.jpg', UUID(), 'covid');
insert into meme_tag (id, uuid, tag) values ('D0guTyj.jpg', UUID(), 'quarantine');
insert into meme_tag (id, uuid, tag) values ('D0guTyj.jpg', UUID(), 'futurama');
insert into meme_tag (id, uuid, tag) values ('D0guTyj.jpg', UUID(), 'antisocial');
insert into meme_path (id, path) values ('D0guTyj.jpg', '/images/memes/D0guTyj.jpg');
insert into meme (id) values ('e4e1ovom15251.jpg');
insert into meme_tag (id, uuid, tag) values ('e4e1ovom15251.jpg', UUID(), 'black lives matter');
insert into meme_tag (id, uuid, tag) values ('e4e1ovom15251.jpg', UUID(), 'kkk');
insert into meme_tag (id, uuid, tag) values ('e4e1ovom15251.jpg', UUID(), 'cops');
insert into meme_tag (id, uuid, tag) values ('e4e1ovom15251.jpg', UUID(), 'truth');
insert into meme_path (id, path) values ('e4e1ovom15251.jpg', '/images/memes/e4e1ovom15251.jpg');
insert into meme (id) values ('e059e7e.jpg');
insert into meme_tag (id, uuid, tag) values ('e059e7e.jpg', UUID(), 'black lives matter');
insert into meme_tag (id, uuid, tag) values ('e059e7e.jpg', UUID(), 'cops');
insert into meme_tag (id, uuid, tag) values ('e059e7e.jpg', UUID(), 'roll');
insert into meme_tag (id, uuid, tag) values ('e059e7e.jpg', UUID(), 'initiative');
insert into meme_path (id, path) values ('e059e7e.jpg', '/images/memes/e059e7e.jpg');
insert into meme (id) values ('itmab60737251.jpg');
insert into meme_tag (id, uuid, tag) values ('itmab60737251.jpg', UUID(), 'covid');
insert into meme_tag (id, uuid, tag) values ('itmab60737251.jpg', UUID(), 'quarantine');
insert into meme_tag (id, uuid, tag) values ('itmab60737251.jpg', UUID(), 'sponge bob');
insert into meme_tag (id, uuid, tag) values ('itmab60737251.jpg', UUID(), 'this is fine');
insert into meme_tag (id, uuid, tag) values ('itmab60737251.jpg', UUID(), 'fire');
insert into meme_tag (id, uuid, tag) values ('itmab60737251.jpg', UUID(), 'america reopens');
insert into meme_path (id, path) values ('itmab60737251.jpg', '/images/memes/itmab60737251.jpg');
insert into meme (id) values ('J9aIKYkteI.png');
insert into meme_tag (id, uuid, tag) values ('J9aIKYkteI.png', UUID(), 'covid');
insert into meme_tag (id, uuid, tag) values ('J9aIKYkteI.png', UUID(), 'quarantine');
insert into meme_tag (id, uuid, tag) values ('J9aIKYkteI.png', UUID(), 'sick');
insert into meme_tag (id, uuid, tag) values ('J9aIKYkteI.png', UUID(), 'corona');
insert into meme_tag (id, uuid, tag) values ('J9aIKYkteI.png', UUID(), 'beer');
insert into meme_path (id, path) values ('J9aIKYkteI.png', '/images/memes/J9aIKYkteI.png');
insert into meme (id) values ('k1yujagjued51.png');
insert into meme_tag (id, uuid, tag) values ('k1yujagjued51.png', UUID(), 'covid');
insert into meme_tag (id, uuid, tag) values ('k1yujagjued51.png', UUID(), 'quarantine');
insert into meme_tag (id, uuid, tag) values ('k1yujagjued51.png', UUID(), 'mask');
insert into meme_tag (id, uuid, tag) values ('k1yujagjued51.png', UUID(), 'alien');
insert into meme_path (id, path) values ('k1yujagjued51.png', '/images/memes/k1yujagjued51.png');
insert into meme (id) values ('pxbUagltMm.jpg');
insert into meme_tag (id, uuid, tag) values ('pxbUagltMm.jpg', UUID(), 'covid');
insert into meme_tag (id, uuid, tag) values ('pxbUagltMm.jpg', UUID(), 'corona');
insert into meme_tag (id, uuid, tag) values ('pxbUagltMm.jpg', UUID(), 'quarantine');
insert into meme_tag (id, uuid, tag) values ('pxbUagltMm.jpg', UUID(), 'ebola');
insert into meme_tag (id, uuid, tag) values ('pxbUagltMm.jpg', UUID(), 'beer');
insert into meme_path (id, path) values ('pxbUagltMm.jpg', '/images/memes/pxbUagltMm.jpg');
insert into meme (id) values ('WG4JWCifSn.png');
insert into meme_tag (id, uuid, tag) values ('WG4JWCifSn.png', UUID(), 'covid');
insert into meme_tag (id, uuid, tag) values ('WG4JWCifSn.png', UUID(), 'corona');
insert into meme_tag (id, uuid, tag) values ('WG4JWCifSn.png', UUID(), 'beer');
insert into meme_path (id, path) values ('WG4JWCifSn.png', '/images/memes/WG4JWCifSn.png');
