insert into meme (id) values ('707d943.jpg');
insert into meme_tag (id, uuid, tag) values ('707d943.jpg', UUID(), 'dog breeds');
insert into meme_tag (id, uuid, tag) values ('707d943.jpg', UUID(), 'aggression');
insert into meme_tag (id, uuid, tag) values ('707d943.jpg', UUID(), 'animal');
insert into meme_path (id, path) values ('707d943.jpg', '/images/memes/707d943.jpg');
insert into meme (id) values ('93512e8.png');
insert into meme_tag (id, uuid, tag) values ('93512e8.png', UUID(), 'cat');
insert into meme_tag (id, uuid, tag) values ('93512e8.png', UUID(), 'attention');
insert into meme_tag (id, uuid, tag) values ('93512e8.png', UUID(), 'no touch');
insert into meme_tag (id, uuid, tag) values ('93512e8.png', UUID(), 'only look');
insert into meme_tag (id, uuid, tag) values ('93512e8.png', UUID(), 'animal');
insert into meme_path (id, path) values ('93512e8.png', '/images/memes/93512e8.png');
insert into meme (id) values ('1322591424915.jpeg');
insert into meme_tag (id, uuid, tag) values ('1322591424915.jpeg', UUID(), 'dog');
insert into meme_tag (id, uuid, tag) values ('1322591424915.jpeg', UUID(), 'animal');
insert into meme_tag (id, uuid, tag) values ('1322591424915.jpeg', UUID(), 'roofing');
insert into meme_path (id, path) values ('1322591424915.jpeg', '/images/memes/1322591424915.jpeg');
insert into meme (id) values ('1458359606507.jpg');
insert into meme_tag (id, uuid, tag) values ('1458359606507.jpg', UUID(), 'animal');
insert into meme_tag (id, uuid, tag) values ('1458359606507.jpg', UUID(), 'dog');
insert into meme_tag (id, uuid, tag) values ('1458359606507.jpg', UUID(), 'pupper');
insert into meme_tag (id, uuid, tag) values ('1458359606507.jpg', UUID(), 'internet');
insert into meme_path (id, path) values ('1458359606507.jpg', '/images/memes/1458359606507.jpg');
insert into meme (id) values ('1502751762249.jpg');
insert into meme_tag (id, uuid, tag) values ('aaaaaaaaa', UUID(), 'animal');
insert into meme_tag (id, uuid, tag) values ('aaaaaaaaa', UUID(), 'chinese');
insert into meme_tag (id, uuid, tag) values ('aaaaaaaaa', UUID(), 'cat');
insert into meme_path (id, path) values ('1502751762249.jpg', '/images/memes/1502751762249.jpg');
insert into meme (id) values ('a364695.png');
insert into meme_tag (id, uuid, tag) values ('a364695.png', UUID(), 'animal');
insert into meme_tag (id, uuid, tag) values ('a364695.png', UUID(), 'dog');
insert into meme_tag (id, uuid, tag) values ('a364695.png', UUID(), 'covid');
insert into meme_tag (id, uuid, tag) values ('a364695.png', UUID(), 'face');
insert into meme_path (id, path) values ('a364695.png', '/images/memes/a364695.png');
insert into meme (id) values ('daf09ad.jpg');
insert into meme_tag (id, uuid, tag) values ('daf09ad.jpg', UUID(), 'animal');
insert into meme_tag (id, uuid, tag) values ('daf09ad.jpg', UUID(), 'dog');
insert into meme_tag (id, uuid, tag) values ('daf09ad.jpg', UUID(), 'good boy');
insert into meme_tag (id, uuid, tag) values ('daf09ad.jpg', UUID(), 'news');
insert into meme_path (id, path) values ('daf09ad.jpg', '/images/memes/daf09ad.jpg');
insert into meme (id) values ('fc09d9d.gif');
insert into meme_tag (id, uuid, tag) values ('fc09d9d.gif', UUID(), 'animal');
insert into meme_tag (id, uuid, tag) values ('fc09d9d.gif', UUID(), 'dog');
insert into meme_tag (id, uuid, tag) values ('fc09d9d.gif', UUID(), 'jump');
insert into meme_tag (id, uuid, tag) values ('fc09d9d.gif', UUID(), 'lap');
insert into meme_path (id, path) values ('fc09d9d.gif', '/images/memes/fc09d9d.gif');
insert into meme (id) values ('9fabc60.jpg');
insert into meme_tag (id, uuid, tag) values ('9fabc60.jpg', UUID(), 'booze');
insert into meme_tag (id, uuid, tag) values ('9fabc60.jpg', UUID(), 'lord of the rings');
insert into meme_tag (id, uuid, tag) values ('9fabc60.jpg', UUID(), 'one more beer');
insert into meme_path (id, path) values ('9fabc60.jpg', '/images/memes/9fabc60.jpg');
insert into meme (id) values ('32b8eae3b8f7185622254aa8df0c945f.jpg');
insert into meme_tag (id, uuid, tag) values ('32b8eae3b8f7185622254aa8df0c945f.jpg', UUID(), 'wine');
insert into meme_tag (id, uuid, tag) values ('32b8eae3b8f7185622254aa8df0c945f.jpg', UUID(), 'glass');
insert into meme_tag (id, uuid, tag) values ('32b8eae3b8f7185622254aa8df0c945f.jpg', UUID(), 'bottle');
insert into meme_tag (id, uuid, tag) values ('32b8eae3b8f7185622254aa8df0c945f.jpg', UUID(), 'booze');
insert into meme_path (id, path) values ('32b8eae3b8f7185622254aa8df0c945f.jpg', '/images/memes/32b8eae3b8f7185622254aa8df0c945f.jpg');
insert into meme (id) values ('b5c19f7.png');
insert into meme_tag (id, uuid, tag) values ('b5c19f7.png', UUID(), 'booze');
insert into meme_tag (id, uuid, tag) values ('b5c19f7.png', UUID(), 'shots');
insert into meme_tag (id, uuid, tag) values ('b5c19f7.png', UUID(), 'boo boo');
insert into meme_path (id, path) values ('b5c19f7.png', '/images/memes/b5c19f7.png');
insert into meme (id) values ('f4782961-0f8e-4d39-9c39-0d4166d4ff79.jpg');
insert into meme_tag (id, uuid, tag) values ('f4782961-0f8e-4d39-9c39-0d4166d4ff79.jpg', UUID(), 'booze');
insert into meme_tag (id, uuid, tag) values ('f4782961-0f8e-4d39-9c39-0d4166d4ff79.jpg', UUID(), 'randy');
insert into meme_tag (id, uuid, tag) values ('f4782961-0f8e-4d39-9c39-0d4166d4ff79.jpg', UUID(), 'south park');
insert into meme_tag (id, uuid, tag) values ('f4782961-0f8e-4d39-9c39-0d4166d4ff79.jpg', UUID(), 'tasting');
insert into meme_path (id, path) values ('f4782961-0f8e-4d39-9c39-0d4166d4ff79.jpg', '/images/memes/f4782961-0f8e-4d39-9c39-0d4166d4ff79.jpg ');
insert into meme (id) values ('M5K9kH7ztr.png');
insert into meme_tag (id, uuid, tag) values ('M5K9kH7ztr.png', UUID(), 'booze');
insert into meme_tag (id, uuid, tag) values ('M5K9kH7ztr.png', UUID(), 'wine');
insert into meme_tag (id, uuid, tag) values ('M5K9kH7ztr.png', UUID(), 'stopper');
insert into meme_tag (id, uuid, tag) values ('M5K9kH7ztr.png', UUID(), 'quitter');
insert into meme_path (id, path) values ('M5K9kH7ztr.png', '/images/memes/M5K9kH7ztr.png');
update meme_path set path='/images/memes/Sterling-20.gif' where id='Sterling-20.gif';
update meme_path set path='/images/memes/tequila.jpg' where id='tequila.jpg';
